model,shot,precision,recall,f1,accuracy
Task1_qwen2.5-7b,0-shot,0.7684912064512873,0.7333782569631625,0.7503709870989619,0.8851384026872974
Task1_qwen2.5-7b,1-shot,0.8134166712572696,0.7111410601976639,0.757944272614357,0.8931132395294089
Task1_qwen2.5-7b,2-shot,0.802461367311242,0.761006289308176,0.7811591717113213,0.8996816173202861
Task1_qwen2.5-7b,3-shot,0.7646369223131777,0.7598831985624438,0.762037626798232,0.8884740774281186
Task1_qwen2.5-7b,4-shot,0.84176079588996,0.7095687331536388,0.7684098092323556,0.9000393248945148
Task1_qwen2.5-7b,5-shot,0.8380956515975644,0.7297843665768194,0.7801046253092901,0.903273390135564
