model,shot,precision,recall,f1,accuracy
Task1_gemini,0-shot,0.8401451572029813,0.89240790655885,0.86548396052929,0.9348628691983123
Task1_gemini,1-shot,0.8623260722384657,0.8919586702605571,0.8768864677979309,0.941191983122363
Task1_gemini,2-shot,0.8591157041337203,0.8957771787960468,0.8770624991934938,0.9410337552742617
Task1_gemini,3-shot,0.8653605647669416,0.9007187780772686,0.8826838505185042,0.943776371308017
Task1_gemini,4-shot,0.8817641843971632,0.8928571428571429,0.8872756441314857,0.9467299578059073
Task1_gemini,5-shot,0.886340675684362,0.8933063791554358,0.889809276923278,0.9480485232067511
