model,shot,precision,recall,f1,accuracy
Task1_qwen2.5-7b,0-shot,0.787701972868537,0.7010656197420078,0.7416534855176922,0.8751974723538704
Task1_qwen2.5-7b,1-shot,0.8218515602040356,0.7014395214058702,0.7559378140714532,0.8845804011680789
Task1_qwen2.5-7b,2-shot,0.8090365588093826,0.7429426060945971,0.7745547514041845,0.8892718655751831
Task1_qwen2.5-7b,3-shot,0.7740559877072487,0.7924845765563656,0.7829299840957606,0.8876442146584327
Task1_qwen2.5-7b,4-shot,0.8253104595514839,0.7577117218171621,0.7883972900223287,0.8968835272152808
Task1_qwen2.5-7b,5-shot,0.814009010130568,0.7793980183211815,0.7962259039222442,0.8978888410168032
