model,shot,precision,recall,f1,accuracy
Task1_gemma3-4b,0-shot,0.7559296097934199,0.6657681940700808,0.7079899677534934,0.8687600644122383
Task1_gemma3-4b,1-shot,0.838351822503962,0.7129380053908356,0.7705753823743627,0.9
Task1_gemma3-4b,2-shot,0.812781954887218,0.7284366576819407,0.7683013503909026,0.8965079365079364
Task1_gemma3-4b,3-shot,0.631963247735311,0.6803683737646002,0.6552730891356968,0.8313756613756613
Task1_gemma3-4b,4-shot,0.8939655172413793,0.6987870619946092,0.7844175491679274,0.9098101265822786
Task1_gemma3-4b,5-shot,0.8925064555505443,0.7142857142857143,0.7935121893988137,0.912710970464135
