model,shot,precision,recall,f1,accuracy
Task1_deepseek-r1-7b,0-shot,0.5788612451665118,0.7122641509433962,0.6386708114160912,0.8098569157392687
Task1_deepseek-r1-7b,1-shot,0.7433345910661995,0.7012578616352201,0.7216830121069444,0.8719146229403503
Task1_deepseek-r1-7b,2-shot,0.7273941823040019,0.7336028751123091,0.7304853182760014,0.8724867724867725
Task1_deepseek-r1-7b,3-shot,0.7722998354709496,0.756513926325247,0.7643253010973439,0.8890491452991452
Task1_deepseek-r1-7b,4-shot,0.8220790833799251,0.7493261455525606,0.7840182900634537,0.9013411457920116
Task1_deepseek-r1-7b,5-shot,0.8061396005337139,0.7491015274034142,0.7765738204360052,0.8976533333333334
