model,shot,precision,recall,f1,accuracy
Task1_deepseek-r1-7b,0-shot,0.5888120681220571,0.7300429986913443,0.6518654875012374,0.8003255301833501
Task1_deepseek-r1-7b,1-shot,0.7566206325627816,0.6997569639184894,0.7270777558957918,0.8654794389391546
Task1_deepseek-r1-7b,2-shot,0.7430816814956606,0.707795849691531,0.7250096280597974,0.8625113696203743
Task1_deepseek-r1-7b,3-shot,0.7872515344441634,0.7319125070106561,0.7585737127258697,0.8807027622193498
Task1_deepseek-r1-7b,4-shot,0.8170998029217934,0.7700504767246215,0.7928777146709752,0.8969792713868543
Task1_deepseek-r1-7b,5-shot,0.8128195673549655,0.7728547392035895,0.792333507603853,0.8962611901000527
