model,shot,precision,recall,f1,accuracy
Task1_gemma3-4b,0-shot,0.6524122807017544,0.4012137559002023,0.4968684759916493,0.8059581320450886
Task1_gemma3-4b,1-shot,0.804284323271665,0.5569790964261632,0.6581673306772908,0.8638095238095239
Task1_gemma3-4b,2-shot,0.7778785131459656,0.5785569790964261,0.6635730858468678,0.861904761904762
Task1_gemma3-4b,3-shot,0.5606322012647685,0.5102270173072601,0.5342433107783369,0.7905820105820106
Task1_gemma3-4b,4-shot,0.874745417515275,0.5792312879298719,0.6969574036511158,0.8818037974683545
Task1_gemma3-4b,5-shot,0.8760118379298091,0.6082265677680377,0.7179623494981088,0.8878691983122362
