model,shot,precision,recall,f1,accuracy
Task1_Gpt-4o,0-shot,0.7240711829811953,0.8132361189007291,0.7660565579420089,0.8728038680645316
Task1_Gpt-4o,1-shot,0.744536210719029,0.8373527762198542,0.7882125110063862,0.8847718895112259
Task1_Gpt-4o,2-shot,0.7652545718527053,0.8513740886146944,0.8060185036005524,0.8950643879553833
Task1_Gpt-4o,3-shot,0.7911537901889907,0.8872686483454851,0.8364545549535913,0.9111494087797406
Task1_Gpt-4o,4-shot,0.8897931068593928,0.905589829874743,0.8976186867720953,0.9471013452056106
Task1_Gpt-4o,5-shot,0.884367662725258,0.9007291082445317,0.8924660365443038,0.9444205084015511
