model,shot,precision,recall,f1,accuracy
Task1_gemini,0-shot,0.8542553363787064,0.8766124509254066,0.8652875906095946,0.9301067547513044
Task1_gemini,1-shot,0.8748360051355258,0.8846513366984482,0.879709220412908,0.9380535209919096
Task1_gemini,2-shot,0.8695567650712128,0.8923163208076277,0.8807880356755359,0.9381492651634832
Task1_gemini,3-shot,0.872520105294274,0.9173677322864086,0.8943802635947687,0.9445162525731247
Task1_gemini,4-shot,0.8829059685049718,0.9162460272948215,0.8992665470207045,0.947436449806118
Task1_gemini,5-shot,0.8855773476506887,0.9216676014208263,0.9032618410088137,0.9494470774091628
