model,shot,precision,recall,f1,accuracy
Task1_Gpt-4o,0-shot,0.7052926486183049,0.8636567834681043,0.7764711308300524,0.8832278481012659
Task1_Gpt-4o,1-shot,0.7223384962463242,0.8753369272237196,0.7915116510714496,0.8917194092827003
Task1_Gpt-4o,2-shot,0.7455936198770002,0.8912848158131177,0.8119539730229999,0.9030590717299578
Task1_Gpt-4o,3-shot,0.7768931134949267,0.9040880503144654,0.8356735784412376,0.9165084388185654
Task1_Gpt-4o,4-shot,0.8931490847214305,0.889937106918239,0.8915394995065103,0.9491561181434598
Task1_Gpt-4o,5-shot,0.8871436567636252,0.8809523809523809,0.8840272232971419,0.9456989274274977
