model,shot,precision,recall,f1,accuracy
Task1_gemma3-4b,0-shot,0.7678812415654521,0.638250140213124,0.6970903522205208,0.8579635214706305
Task1_gemma3-4b,1-shot,0.8335616438356165,0.6825574873808189,0.7505396238051188,0.8838144477954905
Task1_gemma3-4b,2-shot,0.8170813718897109,0.6814357823892316,0.743119266055046,0.8793623438173203
Task1_gemma3-4b,3-shot,0.6633645314682592,0.6885399140026173,0.6757178017624476,0.8307721767437407
Task1_gemma3-4b,4-shot,0.8694516971279374,0.7470555243970836,0.8036199095022626,0.9065058164584231
Task1_gemma3-4b,5-shot,0.8713021758523926,0.7543466068424004,0.808617250707794,0.9085643161472546
