model,shot,precision,recall,f1,accuracy
Task1_deepseek-r1-7b,0-shot,0.4136185685260371,0.42189256012587095,0.41771458587335514,0.7226815050344463
Task1_deepseek-r1-7b,1-shot,0.684833185635422,0.573387278040009,0.6241745250410381,0.8365953124654991
Task1_deepseek-r1-7b,2-shot,0.6561245814471784,0.5549561699258261,0.6013134411302646,0.8267724867724867
Task1_deepseek-r1-7b,3-shot,0.7273458053200819,0.6097999550460778,0.663406244431405,0.8529380341880342
Task1_deepseek-r1-7b,4-shot,0.7794333888578814,0.599685322544392,0.6778454972754346,0.8638752344430766
Task1_deepseek-r1-7b,5-shot,0.7657911106614353,0.6158687345470892,0.6826958619461735,0.86416
