model,shot,precision,recall,f1,accuracy
Task1_qwen2.5-7b,0-shot,0.7067626596711302,0.5405709148123173,0.6116046014111752,0.8402613529318531
Task1_qwen2.5-7b,1-shot,0.7869220326606242,0.6194650483254663,0.6923854861338504,0.870454801005048
Task1_qwen2.5-7b,2-shot,0.7747201359207475,0.6585749606653181,0.7119196670333968,0.8746818269480711
Task1_qwen2.5-7b,3-shot,0.7370503552207347,0.6617217352213981,0.6971714058186663,0.8649546784729035
Task1_qwen2.5-7b,4-shot,0.8226888784328065,0.6253090582153292,0.7092225751760474,0.8799362869198312
Task1_qwen2.5-7b,5-shot,0.8167458030153109,0.6347493818835693,0.7142502823458533,0.8806642398668316
