model,shot,precision,recall,f1,accuracy
Task1_gemini,0-shot,0.8245234138322157,0.8026522814115532,0.8134401870173593,0.913607594936709
Task1_gemini,1-shot,0.849981234346138,0.8111935266351988,0.8301233719118654,0.9220991561181435
Task1_gemini,2-shot,0.8428685719126715,0.7945605754102045,0.8180000239935433,0.917035864978903
Task1_gemini,3-shot,0.8509331852573352,0.8120926050797932,0.8310581959510651,0.9225210970464136
Task1_gemini,4-shot,0.8687030847050835,0.8105192178017532,0.8386016534517521,0.9267932489451477
Task1_gemini,5-shot,0.8754157434627509,0.8213081591368847,0.8474986141045323,0.9306434599156118
