model,shot,precision,recall,f1,accuracy
Task1_Gpt-4o,0-shot,0.6792116232488157,0.7660148347943357,0.7199902068698503,0.8601793248945148
Task1_Gpt-4o,1-shot,0.7019012508032975,0.7927624185210159,0.7445689908334493,0.8723628691983123
Task1_Gpt-4o,2-shot,0.7240747161118338,0.7986064284108788,0.7595090046634851,0.8813291139240507
Task1_Gpt-4o,3-shot,0.7584627872862635,0.832771409305462,0.7938753465999714,0.8985232067510549
Task1_Gpt-4o,4-shot,0.8832105293773301,0.8345695661946505,0.8581987367235918,0.9352848101265824
Task1_Gpt-4o,5-shot,0.8794582701108474,0.8231063160260733,0.8503415673844513,0.9319789096404474
